{"posts":[{"id":"1","lang_key":"lg_welcome","lang_value":"Welcome","language":"en","type":"web"},{"id":"3","lang_key":"lg_home","lang_value":"Home","language":"en","type":"web"},{"id":"4","lang_key":"lg_category_name","lang_value":"Categories","language":"en","type":"web"},{"id":"7","lang_key":"lg_about","lang_value":"About Us","language":"en","type":"web"},{"id":"8","lang_key":"lg_contact","lang_value":"Contact Us","language":"en","type":"web"},{"id":"9","lang_key":"lg_become_prof","lang_value":"Become a Professional","language":"en","type":"web"},{"id":"10","lang_key":"lg_become_user","lang_value":"Become a User","language":"en","type":"web"},{"id":"11","lang_key":"lg_login","lang_value":"Login","language":"en","type":"web"},{"id":"17","lang_key":"lg_post_service","lang_value":"Post a Service","language":"en","type":"web"},{"id":"18","lang_key":"lg_wallet","lang_value":"Wallet","language":"en","type":"web"},{"id":"19","lang_key":"lg_clear_all","lang_value":"Clear All","language":"en","type":"web"},{"id":"20","lang_key":"lg_notification_empty","lang_value":"Notification Empty","language":"en","type":"web"},{"id":"21","lang_key":"lg_view_notification","lang_value":"View all Notifications","language":"en","type":"web"},{"id":"22","lang_key":"lg_chats","lang_value":"Chats","language":"en","type":"web"},{"id":"23","lang_key":"lg_results_found","lang_value":"Results Found","language":"en","type":"web"},{"id":"24","lang_key":"lg_messages","lang_value":"Messages","language":"en","type":"web"},{"id":"25","lang_key":"lg_booking_success","lang_value":"Booking is Successed","language":"en","type":"web"},{"id":"26","lang_key":"lg_chat","lang_value":"Chat","language":"en","type":"web"},{"id":"27","lang_key":"lg_cancel_service","lang_value":"Cancel the Service","language":"en","type":"web"},{"id":"28","lang_key":"lg_complete_res_user","lang_value":"Complete Request to user","language":"en","type":"web"},{"id":"29","lang_key":"lg_user_res_accept","lang_value":"User Request Accept","language":"en","type":"web"},{"id":"30","lang_key":"lg_reason","lang_value":"Reason","language":"en","type":"web"},{"id":"31","lang_key":"lg_no_record_fou","lang_value":"No records found","language":"en","type":"web"},{"id":"32","lang_key":"lg_marget_place","lang_value":"Marketplace","language":"en","type":"web"},{"id":"33","lang_key":"lg_world_largest","lang_value":"World's Largest","language":"en","type":"web"},{"id":"34","lang_key":"lg_search_from","lang_value":"Search From","language":"en","type":"web"},{"id":"35","lang_key":"lg_awesome_verified","lang_value":"Awesome Verified Ads!","language":"en","type":"web"},{"id":"36","lang_key":"lg_search","lang_value":"Search","language":"en","type":"web"},{"id":"37","lang_key":"lg_popular_search","lang_value":"Popular Searches","language":"en","type":"web"},{"id":"38","lang_key":"lg_Featured_Categories","lang_value":"Featured Categories","language":"en","type":"web"},{"id":"39","lang_key":"lg_What_do_you","lang_value":"What do you need to find?","language":"en","type":"web"},{"id":"40","lang_key":"lg_View_All","lang_value":"View All","language":"en","type":"web"},{"id":"41","lang_key":"lg_Most_Popular_Services","lang_value":"Most Popular Services","language":"en","type":"web"},{"id":"42","lang_key":"lg_exlore_greates","lang_value":"Explore the greates our services. You won\u2019t be disappointed","language":"en","type":"web"},{"id":"43","lang_key":"lg_Most_Popular","lang_value":"Most Popular","language":"en","type":"web"},{"id":"44","lang_key":"lg_How_Works","lang_value":"How It Works","language":"en","type":"web"},{"id":"45","lang_key":"lg_aliquam","lang_value":"Aliquam lorem ante, dapibus in, viverra quis","language":"en","type":"web"},{"id":"46","lang_key":"lg_choose_what","lang_value":"Choose What To Do","language":"en","type":"web"},{"id":"47","lang_key":"lg_dapibus","lang_value":"Aliquam lorem ante, dapibus in, viverra quis, feugiat Phasellus viverra nulla ut metus varius laoreet.","language":"en","type":"web"},{"id":"48","lang_key":"lg_find_what","lang_value":"Find What You Want","language":"en","type":"web"},{"id":"49","lang_key":"lg_Amazing_Places","lang_value":"Amazing Places","language":"en","type":"web"},{"id":"50","lang_key":"lg_amesing_3","lang_value":"Aliquam lorem ante, dapibus in, viverra quis, feugiat Phasellus viverra nulla ut metus varius laoreet.","language":"en","type":"web"},{"id":"51","lang_key":"lg_Availability","lang_value":"Availability","language":"en","type":"web"},{"id":"52","lang_key":"lg_All_Days","lang_value":"All Days","language":"en","type":"web"},{"id":"53","lang_key":"lg_From_time","lang_value":"From time","language":"en","type":"web"},{"id":"54","lang_key":"lg_To_time","lang_value":"To Time","language":"en","type":"web"},{"id":"55","lang_key":"lg_Submit","lang_value":"Submit","language":"en","type":"web"},{"id":"56","lang_key":"lg_Booking_List","lang_value":"Booking List","language":"en","type":"web"},{"id":"57","lang_key":"lg_All","lang_value":"All","language":"en","type":"web"},{"id":"58","lang_key":"lg_Pending","lang_value":"Pending","language":"en","type":"web"},{"id":"59","lang_key":"lg_Inprogress","lang_value":"Inprogress","language":"en","type":"web"},{"id":"60","lang_key":"lg_Complete_Request","lang_value":"Complete Request","language":"en","type":"web"},{"id":"61","lang_key":"lg_Rejected","lang_value":"Rejected","language":"en","type":"web"},{"id":"62","lang_key":"lg_Cancelled","lang_value":"Cancelled","language":"en","type":"web"},{"id":"63","lang_key":"lg_Completed","lang_value":"Completed","language":"en","type":"web"},{"id":"64","lang_key":"lg_Booking_Date","lang_value":"Booking Date","language":"en","type":"web"},{"id":"65","lang_key":"lg_Booking_time","lang_value":"Booking time","language":"en","type":"web"},{"id":"66","lang_key":"lg_Amount","lang_value":"Amount","language":"en","type":"web"},{"id":"67","lang_key":"lg_Location","lang_value":"Location","language":"en","type":"web"},{"id":"68","lang_key":"lg_Phone","lang_value":"Phone","language":"en","type":"web"},{"id":"69","lang_key":"lg_User","lang_value":"User","language":"en","type":"web"},{"id":"70","lang_key":"lg_Payment_History","lang_value":"Payment History","language":"en","type":"web"},{"id":"71","lang_key":"lg_Service","lang_value":"Service","language":"en","type":"web"},{"id":"72","lang_key":"lg_Customer","lang_value":"Customer","language":"en","type":"web"},{"id":"73","lang_key":"lg_Date","lang_value":"Date","language":"en","type":"web"},{"id":"74","lang_key":"lg_Status","lang_value":"Status","language":"en","type":"web"},{"id":"75","lang_key":"lg_Payment_Completed","lang_value":"Payment Completed","language":"en","type":"web"},{"id":"76","lang_key":"lg_Provider_Rejected","lang_value":"Provider Rejected","language":"en","type":"web"},{"id":"77","lang_key":"lg_Use_Rejected","lang_value":"User Rejected","language":"en","type":"web"},{"id":"78","lang_key":"lg_No_data_found","lang_value":"No data found","language":"en","type":"web"},{"id":"79","lang_key":"lg_Reviews","lang_value":"Reviews","language":"en","type":"web"},{"id":"80","lang_key":"lg_No_reviews","lang_value":"No reviews found","language":"en","type":"web"},{"id":"81","lang_key":"lg_Profile_Settings","lang_value":"Profile Settings","language":"en","type":"web"},{"id":"82","lang_key":"lg_Basic_Information","lang_value":"Basic Information","language":"en","type":"web"},{"id":"83","lang_key":"lg_Browse","lang_value":"Browse","language":"en","type":"web"},{"id":"84","lang_key":"lg_Name","lang_value":"Name","language":"en","type":"web"},{"id":"85","lang_key":"lg_Email","lang_value":"Email","language":"en","type":"web"},{"id":"86","lang_key":"lg_Country_Code","lang_value":"Country Code","language":"en","type":"web"},{"id":"87","lang_key":"lg_Mobile_Number","lang_value":"Mobile Number","language":"en","type":"web"},{"id":"88","lang_key":"lg_Date_birth","lang_value":"Date of birth","language":"en","type":"web"},{"id":"89","lang_key":"lg_Service_Info","lang_value":"Service Info","language":"en","type":"web"},{"id":"90","lang_key":"lg_What_Service_do_you_Provide","lang_value":"What Service do you Provide?","language":"en","type":"web"},{"id":"91","lang_key":"lg_Sub_Category","lang_value":"Sub Category","language":"en","type":"web"},{"id":"92","lang_key":"lg_Address","lang_value":"Address","language":"en","type":"web"},{"id":"93","lang_key":"lg_Country","lang_value":"Country","language":"en","type":"web"},{"id":"94","lang_key":"lg_Select_Country","lang_value":"Select Country","language":"en","type":"web"},{"id":"95","lang_key":"lg_State","lang_value":"State","language":"en","type":"web"},{"id":"96","lang_key":"lg_City","lang_value":"City","language":"en","type":"web"},{"id":"97","lang_key":"lg_Postal_Code","lang_value":"Postal Code","language":"en","type":"web"},{"id":"98","lang_key":"lg_Upload_Image","lang_value":"Upload Image","language":"en","type":"web"},{"id":"99","lang_key":"lg_Select_Image","lang_value":"Select Image","language":"en","type":"web"},{"id":"100","lang_key":"lg_Save_Changes","lang_value":"Save Changes","language":"en","type":"web"},{"id":"101","lang_key":"lg_Member_Since","lang_value":"Member Since","language":"en","type":"web"},{"id":"102","lang_key":"lg_Dashboard","lang_value":"Dashboard","language":"en","type":"web"},{"id":"103","lang_key":"lg_My_Services","lang_value":"My Services","language":"en","type":"web"},{"id":"104","lang_key":"lg_Subscription","lang_value":"Subscription","language":"en","type":"web"},{"id":"105","lang_key":"lg_Availability","lang_value":"Availability","language":"en","type":"web"},{"id":"106","lang_key":"lg_Payment","lang_value":"Payment","language":"en","type":"web"},{"id":"107","lang_key":"lg_Terms","lang_value":"Terms and Conditions","language":"en","type":"web"},{"id":"108","lang_key":"lg_Find_Professional","lang_value":"Find a Professional","language":"en","type":"web"},{"id":"109","lang_key":"lg_Search_Filter","lang_value":"Search Filter","language":"en","type":"web"},{"id":"110","lang_key":"lg_Keyword","lang_value":"Keyword","language":"en","type":"web"},{"id":"111","lang_key":"lg_Sort_By","lang_value":"Sort By","language":"en","type":"web"},{"id":"112","lang_key":"lg_Price_Low_High","lang_value":"Price Low to High","language":"en","type":"web"},{"id":"113","lang_key":"lg_Price_High_Low","lang_value":"Price High to Low","language":"en","type":"web"},{"id":"114","lang_key":"lg_Newest","lang_value":"Newest","language":"en","type":"web"},{"id":"115","lang_key":"lg_all_categories","lang_value":"All Categories","language":"en","type":"web"},{"id":"116","lang_key":"lg_Price_Range","lang_value":"Price Range","language":"en","type":"web"},{"id":"117","lang_key":"lg_Services_Found","lang_value":"Services Found","language":"en","type":"web"},{"id":"118","lang_key":"lg_Overview","lang_value":"Overview","language":"en","type":"web"},{"id":"119","lang_key":"lg_Services_Offered","lang_value":"Services Offered","language":"en","type":"web"},{"id":"120","lang_key":"lg_Service_Details","lang_value":"Service Details","language":"en","type":"web"},{"id":"121","lang_key":"lg_Related_Services","lang_value":"Related Services","language":"en","type":"web"},{"id":"122","lang_key":"lg_address","lang_value":"Address","language":"en","type":"web"},{"id":"123","lang_key":"lg_Book_Service","lang_value":"Book Service","language":"en","type":"web"},{"id":"124","lang_key":"lg_Edit_Service","lang_value":"Edit Service","language":"en","type":"web"},{"id":"125","lang_key":"lg_Service_Provider","lang_value":"Service Provider","language":"en","type":"web"},{"id":"126","lang_key":"lg_Service_Availability","lang_value":"Service Availability","language":"en","type":"web"},{"id":"127","lang_key":"lg_FAQ","lang_value":"FAQ","language":"en","type":"web"},{"id":"128","lang_key":"lg_Help","lang_value":"Help","language":"en","type":"web"},{"id":"129","lang_key":"lg_Privacy_Policy","lang_value":"Privacy Policy","language":"en","type":"web"},{"id":"130","lang_key":"lg_Privacy","lang_value":"Privacy","language":"en","type":"web"},{"id":"131","lang_key":"lg_Write_review","lang_value":"Write a review","language":"en","type":"web"},{"id":"132","lang_key":"lg_Rating_required","lang_value":"Rating is required","language":"en","type":"web"},{"id":"133","lang_key":"lg_Rating_type_required","lang_value":"Rating type is required","language":"en","type":"web"},{"id":"134","lang_key":"lg_Your_review","lang_value":"Your review","language":"en","type":"web"},{"id":"135","lang_key":"lg_Review_required","lang_value":"Review is required","language":"en","type":"web"},{"id":"136","lang_key":"lg_Reason_Cancel","lang_value":"Reason for Cancel","language":"en","type":"web"},{"id":"137","lang_key":"lg_Reason_required","lang_value":"Reason is required","language":"en","type":"web"},{"id":"138","lang_key":"lg_Alert","lang_value":"Alert","language":"en","type":"web"},{"id":"139","lang_key":"lg_Please_Enter_Profile_informations.","lang_value":"Please Enter Profile informations.","language":"en","type":"web"},{"id":"140","lang_key":"lg_Ok","lang_value":"Ok","language":"en","type":"web"},{"id":"141","lang_key":"lg_Please_Fill_Account_Informations.","lang_value":"Please Fill Account Informations.","language":"en","type":"web"},{"id":"142","lang_key":"lg_Please_Subscripe","lang_value":"Please Subscripe your Plan...","language":"en","type":"web"},{"id":"143","lang_key":"lg_Please_Fill_Availability","lang_value":"Please Fill Availability time.","language":"en","type":"web"},{"id":"144","lang_key":"lg_Join_Professional","lang_value":"Join as a Professional","language":"en","type":"web"},{"id":"145","lang_key":"lg_Select_your_service","lang_value":"Select your service here...","language":"en","type":"web"},{"id":"146","lang_key":"lg_Registration_Provider","lang_value":"Registration for Provider","language":"en","type":"web"},{"id":"147","lang_key":"lg_Choose_the_Sub_Category","lang_value":"Choose the Sub Category","language":"en","type":"web"},{"id":"148","lang_key":"lg_Enter_your_sub_category","lang_value":"Enter your sub category...","language":"en","type":"web"},{"id":"149","lang_key":"lg_agree","lang_value":"I agree to","language":"en","type":"web"},{"id":"150","lang_key":"lg_Register","lang_value":"Register","language":"en","type":"web"},{"id":"151","lang_key":"lg_Verification_account","lang_value":"Verification your account","language":"en","type":"web"},{"id":"152","lang_key":"lg_We Have_OTP","lang_value":"We Have Send OTP Via SMS","language":"en","type":"web"},{"id":"153","lang_key":"lg_Please_Check_Your_Registered_Mobile","lang_value":"Please Check Your Registered Mobile Number","language":"en","type":"web"},{"id":"154","lang_key":"lg_Didnt_receive_the_OTP","lang_value":"Didn't receive the OTP?","language":"en","type":"web"},{"id":"155","lang_key":"lg_Resend_OTP","lang_value":"Resend OTP","language":"en","type":"web"},{"id":"156","lang_key":"lg_Finish","lang_value":"Finish","language":"en","type":"web"},{"id":"157","lang_key":"lg_Resend","lang_value":"Resend","language":"en","type":"web"},{"id":"158","lang_key":"lg_Continue","lang_value":"Continue","language":"en","type":"web"},{"id":"159","lang_key":"lg_back","lang_value":"Back","language":"en","type":"web"},{"id":"160","lang_key":"lg_welcome","lang_value":"Welcome","language":"en","type":"web"},{"id":"161","lang_key":"lg_test","lang_value":"Test","language":"en","type":"web"},{"id":"170","lang_key":"lg_We_Have_OTP","lang_value":"We Have Send OTP Via SMS","language":"en","type":"web"},{"id":"208","lang_key":"lg_what_you_look","lang_value":"What are you looking for?","language":"en","type":"web"},{"id":"221","lang_key":"lg_your_location","lang_value":"Your Location","language":"en","type":"web"},{"id":"241","lang_key":"lg_no_service","lang_value":"No Service Found!","language":"en","type":"web"},{"id":"278","lang_key":"lg_access_to_our","lang_value":"Access to our","language":"en","type":"web"},{"id":"282","lang_key":"lg_enter_email","lang_value":"Enter EMail ID","language":"en","type":"web"},{"id":"283","lang_key":"lg_password","lang_value":"Password","language":"en","type":"web"},{"id":"284","lang_key":"lg_verify_your_account","lang_value":"Verification your account","language":"en","type":"web"},{"id":"285","lang_key":"lg_enter_password","lang_value":"Enter Password Here..","language":"en","type":"web"},{"id":"286","lang_key":"lg_forgot_password","lang_value":"Forgot Password ?","language":"en","type":"web"},{"id":"287","lang_key":"lg_click_get_link","lang_value":"Click to Get Link","language":"en","type":"web"},{"id":"288","lang_key":"lg_enter","lang_value":"Enter","language":"en","type":"web"},{"id":"289","lang_key":"lg_have_used_default_otp_demo","lang_value":"We have used default otp for demo purpose.","language":"en","type":"web"},{"id":"290","lang_key":"lg_default_otp","lang_value":"Default OTP 1234","language":"en","type":"web"},{"id":"296","lang_key":"lg_otp","lang_value":"OTP","language":"en","type":"web"},{"id":"330","lang_key":"lg_enter_mob_no","lang_value":"Enter Mobile No","language":"en","type":"web"},{"id":"334","lang_key":"lg_enter_otp_here","lang_value":"Enter OTP Here..","language":"en","type":"web"},{"id":"347","lang_key":"lg_already_have_account","lang_value":"Already have an account?","language":"en","type":"web"},{"id":"357","lang_key":"lg_registration_customer","lang_value":"Registration for Customer","language":"en","type":"web"},{"id":"358","lang_key":"lg_join_as_user","lang_value":"Join as a User","language":"en","type":"web"},{"id":"447","lang_key":"lg_last_seen","lang_value":"Last Seen","language":"en","type":"web"},{"id":"448","lang_key":"lg_days","lang_value":"days","language":"en","type":"web"},{"id":"455","lang_key":"lg_ago","lang_value":"Ago","language":"en","type":"web"},{"id":"459","lang_key":"lg_hours","lang_value":"hours","language":"en","type":"web"},{"id":"460","lang_key":"lg_mints","lang_value":"mints","language":"en","type":"web"},{"id":"467","lang_key":"lg_monday","lang_value":"Monday","language":"en","type":"web"},{"id":"471","lang_key":"lg_tuesday","lang_value":"Tuesday","language":"en","type":"web"},{"id":"472","lang_key":"lg_wednesday","lang_value":"Wednesday","language":"en","type":"web"},{"id":"473","lang_key":"lg_thursday","lang_value":"Thursday","language":"en","type":"web"},{"id":"474","lang_key":"lg_friday","lang_value":"Friday","language":"en","type":"web"},{"id":"475","lang_key":"lg_saturday","lang_value":"Saturday","language":"en","type":"web"},{"id":"476","lang_key":"lg_sunday","lang_value":"Sunday","language":"en","type":"web"},{"id":"495","lang_key":"lg_continue_to_book","lang_value":"Continue to Book","language":"en","type":"web"},{"id":"496","lang_key":"lg_notes","lang_value":"Notes","language":"en","type":"web"},{"id":"497","lang_key":"lg_timeslot","lang_value":"Time slot","language":"en","type":"web"},{"id":"507","lang_key":"lg_Service_Amount","lang_value":"Service amount","language":"en","type":"web"},{"id":"508","lang_key":"lg_Service_Location","lang_value":"Service Location","language":"en","type":"web"},{"id":"548","lang_key":"lg_change_password","lang_value":"Change Password","language":"en","type":"web"},{"id":"549","lang_key":"lg_Logout","lang_value":"Logout","language":"en","type":"web"},{"id":"556","lang_key":"lg_My_Bookings","lang_value":"My Bookings","language":"en","type":"web"},{"id":"560","lang_key":"lg_Provider","lang_value":"Provider","language":"en","type":"web"},{"id":"564","lang_key":"lg_view_all_chat","lang_value":"View all Chat","language":"en","type":"web"},{"id":"565","lang_key":"lg_chat_empty","lang_value":"Chat Empty","language":"en","type":"web"},{"id":"587","lang_key":"lg_Notifications","lang_value":"Notifications","language":"en","type":"web"},{"id":"591","lang_key":"lg_Bookings","lang_value":"Bookings","language":"en","type":"web"},{"id":"604","lang_key":"lg_Total_Debit","lang_value":"Total Debit","language":"en","type":"web"},{"id":"605","lang_key":"lg_Total_Credit","lang_value":"Total Credit","language":"en","type":"web"},{"id":"606","lang_key":"lg_Wallet_Balance","lang_value":"Wallet Balance","language":"en","type":"web"},{"id":"616","lang_key":"lg_click_paypal_to_pay","lang_value":"Kindly click the Paypal button to pay","language":"en","type":"web"},{"id":"617","lang_key":"lg_OR","lang_value":"OR","language":"en","type":"web"},{"id":"618","lang_key":"lg_add_wallet","lang_value":"Add Wallet","language":"en","type":"web"},{"id":"628","lang_key":"lg_add_to_wallet","lang_value":"Add to Wallet","language":"en","type":"web"},{"id":"644","lang_key":"lg_Available","lang_value":"Available","language":"en","type":"web"},{"id":"645","lang_key":"lg_Txt_amt","lang_value":"Txt amt","language":"en","type":"web"},{"id":"646","lang_key":"lg_Debit","lang_value":"Debit","language":"en","type":"web"},{"id":"647","lang_key":"lg_Credit","lang_value":"Credit","language":"en","type":"web"},{"id":"648","lang_key":"lg_sno","lang_value":"S.No","language":"en","type":"web"},{"id":"649","lang_key":"lg_wallet_transaction","lang_value":"Wallet Transactions","language":"en","type":"web"},{"id":"677","lang_key":"lg_Update","lang_value":"Update","language":"en","type":"web"},{"id":"681","lang_key":"lg_Booking_id","lang_value":"Booking Id","language":"en","type":"web"},{"id":"694","lang_key":"lg_Compete_Request_Accept","lang_value":"Complete Request Accept","language":"en","type":"web"},{"id":"722","lang_key":"lg_cancelled_provider","lang_value":"Cancelled by User","language":"en","type":"web"},{"id":"723","lang_key":"lg_completed_accepted","lang_value":"Completed Accepted","language":"en","type":"web"},{"id":"724","lang_key":"lg_rejected_by_user","lang_value":"Rejected by Provider","language":"en","type":"web"},{"id":"725","lang_key":"lg_complete_req_sent_provider","lang_value":"Complete Request sent by Provider","language":"en","type":"web"},{"id":"753","lang_key":"lg_max_file_size","lang_value":"Max file size is 20mb","language":"en","type":"web"},{"id":"775","lang_key":"lg_Services","lang_value":"Services","language":"en","type":"web"},{"id":"776","lang_key":"lg_Next_Billing_on","lang_value":"Next Billing on","language":"en","type":"web"},{"id":"777","lang_key":"lg_Change_Plan","lang_value":"Change Plan","language":"en","type":"web"},{"id":"778","lang_key":"lg_Paid","lang_value":"Paid","language":"en","type":"web"},{"id":"779","lang_key":"lg_Paid_at","lang_value":"Paid at","language":"en","type":"web"},{"id":"780","lang_key":"lg_Last_Payment","lang_value":"Last Payment","language":"en","type":"web"},{"id":"781","lang_key":"lg_Price","lang_value":"Price","language":"en","type":"web"},{"id":"782","lang_key":"lg_Started_On","lang_value":"Started On","language":"en","type":"web"},{"id":"783","lang_key":"lg_Subscription_ID","lang_value":"Subscription ID","language":"en","type":"web"},{"id":"784","lang_key":"lg_Expired","lang_value":"Expired","language":"en","type":"web"},{"id":"785","lang_key":"lg_Eterprice_Plan","lang_value":"Enterprice Plan","language":"en","type":"web"},{"id":"786","lang_key":"lg_Plan_Details","lang_value":"Plan Details","language":"en","type":"web"},{"id":"823","lang_key":"lg_Cancel","lang_value":"Cancel","language":"en","type":"web"},{"id":"824","lang_key":"lg_Yes","lang_value":"Yes","language":"en","type":"web"},{"id":"825","lang_key":"lg_Delete","lang_value":"Delete","language":"en","type":"web"},{"id":"826","lang_key":"lg_Edit","lang_value":"Edit","language":"en","type":"web"},{"id":"839","lang_key":"lg_Purchase","lang_value":"Purchase","language":"en","type":"web"},{"id":"840","lang_key":"lg_End_Date","lang_value":"End Date","language":"en","type":"web"},{"id":"841","lang_key":"lg_Start_Date","lang_value":"Start Date","language":"en","type":"web"},{"id":"845","lang_key":"lg_Plan","lang_value":"Plan","language":"en","type":"web"},{"id":"846","lang_key":"lg_Subscribed_Details","lang_value":"Subscribed Details","language":"en","type":"web"},{"id":"847","lang_key":"lg_Expired_On","lang_value":"Expired On","language":"en","type":"web"},{"id":"848","lang_key":"lg_Select_Plan","lang_value":"Select Plan","language":"en","type":"web"},{"id":"849","lang_key":"lg_Subscribed","lang_value":"Subscribed","language":"en","type":"web"},{"id":"850","lang_key":"lg_days_expiration","lang_value":"days expiration","language":"en","type":"web"},{"id":"851","lang_key":"lg_One_listing_submission","lang_value":"One listing submission","language":"en","type":"web"},{"id":"852","lang_key":"lg_Duration","lang_value":"Duration","language":"en","type":"web"},{"id":"853","lang_key":"lg_Months","lang_value":"Months","language":"en","type":"web"},{"id":"854","lang_key":"lg_Monthly_Price","lang_value":"Monthly Price","language":"en","type":"web"},{"id":"855","lang_key":"lg_Subscription_expired_today","lang_value":"Your subscription expires Today","language":"en","type":"web"},{"id":"856","lang_key":"lg_your_subscription_expires_on","lang_value":"Your subscription expires in","language":"en","type":"web"},{"id":"857","lang_key":"lg_Renew","lang_value":"Renew","language":"en","type":"web"},{"id":"858","lang_key":"lg_subscription_expired_on","lang_value":"Your subscription has expired on","language":"en","type":"web"},{"id":"913","lang_key":"lg_Service_Booked_Inprogress","lang_value":"Service is Booked or Inprogress..","language":"en","type":"web"},{"id":"914","lang_key":"lg_Inactive_Service","lang_value":"Inactive Service","language":"en","type":"web"},{"id":"915","lang_key":"lg_Inactive","lang_value":"Inactive","language":"en","type":"web"},{"id":"916","lang_key":"lg_Inactive_Services","lang_value":"Inactive Services","language":"en","type":"web"},{"id":"917","lang_key":"lg_Active_Services","lang_value":"Active Services","language":"en","type":"web"},{"id":"936","lang_key":"lg_payout","lang_value":"payout","language":"en","type":"web"},{"id":"937","lang_key":"lg_cashback","lang_value":"cashback","language":"en","type":"web"},{"id":"938","lang_key":"lg_refund","lang_value":"refund","language":"en","type":"web"},{"id":"939","lang_key":"lg_Select_Payment_Purpose","lang_value":"Select Payment Purpose","language":"en","type":"web"},{"id":"940","lang_key":"lg_Payment_Purpose","lang_value":"Payment Purpose","language":"en","type":"web"},{"id":"941","lang_key":"lg_Select_Payment_Mode","lang_value":"Select Payment Mode","language":"en","type":"web"},{"id":"942","lang_key":"lg_Payment_Mode","lang_value":"Payment Mode","language":"en","type":"web"},{"id":"943","lang_key":"lg_Account_No","lang_value":"Account No","language":"en","type":"web"},{"id":"944","lang_key":"lg_IFSC_Code","lang_value":"IFSC Code","language":"en","type":"web"},{"id":"945","lang_key":"lg_Bank_Name","lang_value":"Bank Name","language":"en","type":"web"},{"id":"946","lang_key":"lg_Card_Name","lang_value":"Card Name","language":"en","type":"web"},{"id":"947","lang_key":"lg_Card_No","lang_value":"Card No","language":"en","type":"web"},{"id":"948","lang_key":"lg_Contact_No","lang_value":"Contact No","language":"en","type":"web"},{"id":"949","lang_key":"lg_Email_ID","lang_value":"Email ID","language":"en","type":"web"},{"id":"950","lang_key":"lg_Pan_No","lang_value":"Pan No","language":"en","type":"web"},{"id":"951","lang_key":"lg_Routing_No","lang_value":"Routing No","language":"en","type":"web"},{"id":"1000","lang_key":"lg_Sort_Code","lang_value":"Sort Code","language":"en","type":"web"},{"id":"1001","lang_key":"lg_Bank_Address","lang_value":"Bank Address","language":"en","type":"web"},{"id":"1002","lang_key":"lg_paypal_email_id","lang_value":"Email Id","language":"en","type":"web"},{"id":"1003","lang_key":"lg_withdraw_amount","lang_value":"Withdraw Amount","language":"en","type":"web"},{"id":"1004","lang_key":"lg_Recent_Transactions","lang_value":"Recent Transactions","language":"en","type":"web"},{"id":"1005","lang_key":"lg_Withdraw","lang_value":"Withdraw Request","language":"en","type":"web"},{"id":"1006","lang_key":"lg_fill_debit_card_details","lang_value":"Please Fill Debit Card Detail","language":"en","type":"web"},{"id":"1007","lang_key":"lg_Withdraw_Amount_is","lang_value":"Withdraw Amount is","language":"en","type":"web"},{"id":"1044","lang_key":"lg_Please_Fill_Account_Informations_","lang_value":"Please Fill Account Informations.","language":"en","type":"web"},{"id":"1048","lang_key":"lg_Please_Enter_Profile_informations_","lang_value":"Please Enter Profile informations.","language":"en","type":"web"},{"id":"1097","lang_key":"lg_name","lang_value":"Name","language":"en","type":"web"},{"id":"1098","lang_key":"lg_name","lang_value":"Name","language":"en","type":"web"},{"id":"1099","lang_key":"lg_My_Favorites","lang_value":"My Favourites","language":"en","type":"web"},{"id":"1106","lang_key":"lg_favorites_list","lang_value":"Favourites List\r\n","language":"en","type":"web"},{"id":"1107","lang_key":"lg_Accepted","lang_value":"Accepted","language":"en","type":"web"},{"id":"1108","lang_key":"lg_by_admin","lang_value":"by Admin","language":"en","type":"web"},{"id":"1109","lang_key":"lg_category","lang_value":"Category","language":"en","type":"web"},{"id":"1110","lang_key":"lg_action","lang_value":"Action","language":"en","type":"web"},{"id":"1111","lang_key":"lg_view","lang_value":"View","language":"en","type":"web"},{"id":"1112","lang_key":"lg_add_services","lang_value":"Add Services","language":"en","type":"web"},{"id":"1113","lang_key":"lg_service_info","lang_value":"Service Information","language":"en","type":"web"},{"id":"1114","lang_key":"lg_service_title","lang_value":"Service Title","language":"en","type":"web"},{"id":"1115","lang_key":"lg_service_category","lang_value":"Service Category","language":"en","type":"web"},{"id":"1116","lang_key":"lg_service_offer","lang_value":"Service Offer","language":"en","type":"web"},{"id":"1117","lang_key":"lg_service_offered","lang_value":"Service Offered","language":"en","type":"web"},{"id":"1118","lang_key":"lg_add_more","lang_value":"Add More","language":"en","type":"web"},{"id":"1119","lang_key":"lg_details_information","lang_value":"Details Information","language":"en","type":"web"},{"id":"1120","lang_key":"lg_descriptions","lang_value":"Descriptions","language":"en","type":"web"},{"id":"1121","lang_key":"lg_service_gallery","lang_value":"Service Gallery","language":"en","type":"web"},{"id":"1122","lang_key":"lg_upload_service_images","lang_value":"Upload Service Images","language":"en","type":"web"},{"id":"1123","lang_key":"lg_title_of_review","lang_value":"Title of your review","language":"en","type":"web"},{"id":"1124","lang_key":"lg_reason_for_block","lang_value":"Reason for block","language":"en","type":"web"},{"id":"1125","lang_key":"lg_blocked","lang_value":"Blocked","language":"en","type":"web"},{"id":"1126","lang_key":"lg_request_to_report_user","lang_value":"Request Sent to Report User","language":"en","type":"web"},{"id":"1127","lang_key":"lg_report_user","lang_value":"Report User","language":"en","type":"web"},{"id":"1128","lang_key":"lg_request_to_report_provider","lang_value":"Request Sent to Report Provider","language":"en","type":"web"},{"id":"1129","lang_key":"report_provider","lang_value":"Report Provider","language":"en","type":"web"},{"id":"1130","lang_key":"lg_no_categories_found","lang_value":"No Categories Found","language":"en","type":"web"},{"id":"1131","lang_key":"lg_map","lang_value":"Map","language":"en","type":"web"},{"id":"1132","lang_key":"lg_drag_point","lang_value":"Drag and point to get latitude and longitude","language":"en","type":"web"},{"id":"1133","lang_key":"lg_set_location","lang_value":"Set Location","language":"en","type":"web"},{"id":"1134","lang_key":"lg_clear_location","lang_value":"Clear Location","language":"en","type":"web"},{"id":"1135","lang_key":"lg_close","lang_value":"Close","language":"en","type":"web"},{"id":"1136","lang_key":"lg_distance","lang_value":"Distance","language":"en","type":"web"},{"id":"1137","lang_key":"lg_reset_email_id","lang_value":"Reset Email ID","language":"en","type":"web"},{"id":"1138","lang_key":"lg_first_name_shou","lang_value":"First Name","language":"en","type":"web"},{"id":"1139","lang_key":"lg_type","lang_value":"Payment Type","language":"en","type":"web"},{"id":"1140","lang_key":"lg_completed_accepted_payment_pending","lang_value":"Service Completed Payment Pending","language":"en","type":"web"},{"id":"1153","lang_key":"lg_testnme","lang_value":"test","language":"en","type":"web"},{"id":"1154","lang_key":"lg_has_booked_your_service","lang_value":"has booked your Service","language":"en","type":"web"},{"id":"1156","lang_key":"lg_have_review_the_service","lang_value":"Have Review The Service","language":"en","type":"web"},{"id":"1157","lang_key":"lg_have_inprogress_the_service","lang_value":"Have Inprogress The Service","language":"en","type":"web"},{"id":"1159","lang_key":"lg_have_completed_the_service","lang_value":"Have Completed The Service","language":"en","type":"web"},{"id":"1160","lang_key":"lg_have_cancelled_the_service","lang_value":"Have Cancelled The Service","language":"en","type":"web"},{"id":"1161","lang_key":"lg_have_accepted_the_service","lang_value":"Have Accepted The Service","language":"en","type":"web"},{"id":"1162","lang_key":"lg_have_rejected_the_service","lang_value":"Have Rejected The Service","language":"en","type":"web"},{"id":"1163","lang_key":"lg_have_been_subscribed","lang_value":"have been subscribed","language":"en","type":"web"},{"id":"1164","lang_key":"lg_have_accepted_the_cod_payment","lang_value":"Have Accepted The COD Payment","language":"en","type":"web"},{"id":"1165","lang_key":"lg_has_rejected_the_service","lang_value":"Has Rejected The Service","language":"en","type":"web"},{"id":"1166","lang_key":"lg_has_accepted_the_completed_service","lang_value":"Has Accepted The Completed Service","language":"en","type":"web"},{"id":"1167","lang_key":"lg_has_cancelled_the_service","lang_value":"Has Cancelled The Service","language":"en","type":"web"},{"id":"1168","lang_key":"lg_has_rejected_the_completed_service","lang_value":"Has Rejected The Completed Service","language":"en","type":"web"},{"id":"1169","lang_key":"lg_wallet_request_amount_paid_by_admin","lang_value":"Your Wallet Request Amount Paid by Admin","language":"en","type":"web"},{"id":"1170","lang_key":"lg_cash_on_delivery","lang_value":"Cash On Delivery","language":"en","type":"web"},{"id":"1171","lang_key":"lg_features_services","lang_value":"Featured Services","language":"en","type":"web"},{"id":"1172","lang_key":"lg_newest_services","lang_value":"Newest Services","language":"en","type":"web"},{"id":"1173","lang_key":"lg_newest_services","lang_value":"Neweste Services","language":"en","type":"web"},{"id":"1174","lang_key":"lg_admin_languages","lang_value":"Languages","language":"en","type":"admin"},{"id":"1175","lang_key":"lg_admin_code","lang_value":"Code","language":"en","type":"admin"},{"id":"1176","lang_key":"lg_admin_default_language","lang_value":"Default Language","language":"en","type":"admin"},{"id":"1177","lang_key":"lg_admin_status","lang_value":"status","language":"en","type":"admin"},{"id":"1178","lang_key":"lg_admin_action","lang_value":"Action","language":"en","type":"admin"},{"id":"1179","lang_key":"lg_admin_web","lang_value":"Web","language":"en","type":"admin"},{"id":"1180","lang_key":"lg_admin_app","lang_value":"App","language":"en","type":"admin"},{"id":"1181","lang_key":"lg_admin_admin","lang_value":"Admin","language":"en","type":"admin"},{"id":"1182","lang_key":"lg_admin_edit","lang_value":"Edit","language":"en","type":"admin"},{"id":"1183","lang_key":"lg_admin_delete","lang_value":"Delete","language":"en","type":"admin"},{"id":"1185","lang_key":"lg_admin_welcome_admin_","lang_value":"Welcome Admin!","language":"en","type":"admin"},{"id":"1186","lang_key":"lg_admin_users","lang_value":"Users","language":"en","type":"admin"},{"id":"1187","lang_key":"lg_admin_providers","lang_value":"Providers","language":"en","type":"admin"},{"id":"1189","lang_key":"lg_admin_subscription","lang_value":"Subscription","language":"en","type":"admin"},{"id":"1190","lang_key":"lg_admin_recent_bookings","lang_value":"Recent Bookings","language":"en","type":"admin"},{"id":"1191","lang_key":"lg_admin_name","lang_value":"Name","language":"en","type":"admin"},{"id":"1192","lang_key":"lg_admin_status","lang_value":"Status","language":"en","type":"admin"},{"id":"1193","lang_key":"lg_admin_price","lang_value":"Price","language":"en","type":"admin"},{"id":"1194","lang_key":"lg_admin_no_records_found","lang_value":"No records found","language":"en","type":"admin"},{"id":"1195","lang_key":"lg_admin_payments","lang_value":"Payments","language":"en","type":"admin"},{"id":"1196","lang_key":"lg_admin_#","lang_value":"#","language":"en","type":"admin"},{"id":"1198","lang_key":"lg_admin_provider","lang_value":"Provider","language":"en","type":"admin"},{"id":"1199","lang_key":"lg_admin_amount","lang_value":"Amount","language":"en","type":"admin"},{"id":"1200","lang_key":"lg_admin_provider_map","lang_value":"Provider in Map","language":"en","type":"admin"},{"id":"1201","lang_key":"lg_admin_categories","lang_value":"Categories","language":"en","type":"admin"},{"id":"1202","lang_key":"lg_admin_category","lang_value":"Category","language":"en","type":"admin"},{"id":"1203","lang_key":"lg_admin_select_category","lang_value":"Select category","language":"en","type":"admin"},{"id":"1204","lang_key":"lg_admin_from_date","lang_value":"From Date","language":"en","type":"admin"},{"id":"1205","lang_key":"lg_admin_to_date","lang_value":"To Date","language":"en","type":"admin"},{"id":"1206","lang_key":"lg_admin_submit","lang_value":"Submit","language":"en","type":"admin"},{"id":"1207","lang_key":"lg_admin_date","lang_value":"Date","language":"en","type":"admin"},{"id":"1208","lang_key":"lg_admin_featured","lang_value":"Featured","language":"en","type":"admin"},{"id":"1209","lang_key":"lg_admin_edit_category","lang_value":"Edit Category","language":"en","type":"admin"},{"id":"1210","lang_key":"lg_admin_category_name","lang_value":"Category Name","language":"en","type":"admin"},{"id":"1211","lang_key":"lg_admin_category_image","lang_value":"Category Image","language":"en","type":"admin"},{"id":"1212","lang_key":"lg_admin_is_featured","lang_value":"Is Featured?","language":"en","type":"admin"},{"id":"1213","lang_key":"lg_admin_yes","lang_value":"Yes","language":"en","type":"admin"},{"id":"1214","lang_key":"lg_admin_no","lang_value":"No","language":"en","type":"admin"},{"id":"1215","lang_key":"lg_admin_save_changes","lang_value":"Save Changes","language":"en","type":"admin"},{"id":"1216","lang_key":"lg_admin_cancel","lang_value":"Cancel","language":"en","type":"admin"},{"id":"1217","lang_key":"lg_admin_add_category","lang_value":"Add Category","language":"en","type":"admin"},{"id":"1218","lang_key":"lg_admin_services","lang_value":"Services","language":"en","type":"admin"},{"id":"1219","lang_key":"lg_admin_sub_category","lang_value":"Sub Category","language":"en","type":"admin"},{"id":"1220","lang_key":"lg_admin_select_subcategory","lang_value":"Select subcategory","language":"en","type":"admin"},{"id":"1221","lang_key":"lg_admin_service_title","lang_value":"Service Title","language":"en","type":"admin"},{"id":"1222","lang_key":"lg_admin_select_service","lang_value":"Select Service","language":"en","type":"admin"},{"id":"1223","lang_key":"lg_admin_auto_approval","lang_value":"Auto Approval","language":"en","type":"admin"},{"id":"1224","lang_key":"lg_admin_back","lang_value":"Back","language":"en","type":"admin"},{"id":"1225","lang_key":"lg_admin_service_details","lang_value":"Service Details","language":"en","type":"admin"},{"id":"1226","lang_key":"lg_admin_service_offered","lang_value":"Service Offered","language":"en","type":"admin"},{"id":"1227","lang_key":"lg_admin_service_provider","lang_value":"Service Provider","language":"en","type":"admin"},{"id":"1228","lang_key":"lg_admin_service_availability","lang_value":"Service Availability","language":"en","type":"admin"},{"id":"1229","lang_key":"lg_admin_admin_users","lang_value":"Admin Users","language":"en","type":"admin"},{"id":"1230","lang_key":"lg_admin_add","lang_value":"Add","language":"en","type":"admin"},{"id":"1231","lang_key":"lg_admin_user_name","lang_value":"User Name","language":"en","type":"admin"},{"id":"1232","lang_key":"lg_admin_select_user_name","lang_value":"Select user name","language":"en","type":"admin"},{"id":"1233","lang_key":"lg_admin_full_name","lang_value":"Full Name","language":"en","type":"admin"},{"id":"1234","lang_key":"lg_admin_email_id","lang_value":"Email ID","language":"en","type":"admin"},{"id":"1235","lang_key":"lg_admin_delete_confirmation","lang_value":"Delete Confirmation","language":"en","type":"admin"},{"id":"1236","lang_key":"lg_admin_confirm_delete","lang_value":"Are you confirm to Delete.","language":"en","type":"admin"},{"id":"1237","lang_key":"lg_admin_confirm","lang_value":"Confirm","language":"en","type":"admin"},{"id":"1238","lang_key":"lg_admin_adminusers_details","lang_value":"AdminUsers Details","language":"en","type":"admin"},{"id":"1239","lang_key":"lg_admin_personal_details","lang_value":"Personal Details","language":"en","type":"admin"},{"id":"1241","lang_key":"lg_admin_access_modules","lang_value":"Access Modules","language":"en","type":"admin"},{"id":"1242","lang_key":"lg_admin_password","lang_value":"Password","language":"en","type":"admin"},{"id":"1243","lang_key":"lg_admin_profile_image","lang_value":"Profile Image","language":"en","type":"admin"},{"id":"1244","lang_key":"lg_admin_change_profile_picture","lang_value":"Change profile picture","language":"en","type":"admin"},{"id":"1245","lang_key":"lg_admin_set_access","lang_value":"Set Access","language":"en","type":"admin"},{"id":"1246","lang_key":"lg_admin_select_all","lang_value":"Select all","language":"en","type":"admin"},{"id":"1247","lang_key":"lg_admin_select_image","lang_value":"Select Image","language":"en","type":"admin"},{"id":"1248","lang_key":"lg_admin_yes_save_changes","lang_value":"Yes, Save Changes","language":"en","type":"admin"},{"id":"1249","lang_key":"lg_admin_users","lang_value":"Users","language":"en","type":"admin"},{"id":"1250","lang_key":"lg_admin_select_email","lang_value":"Select email","language":"en","type":"admin"},{"id":"1251","lang_key":"lg_admin_email","lang_value":"Email","language":"en","type":"admin"},{"id":"1252","lang_key":"lg_admin_contact","lang_value":"Contact No","language":"en","type":"admin"},{"id":"1253","lang_key":"lg_admin_signup_date","lang_value":"Signup Date","language":"en","type":"admin"},{"id":"1254","lang_key":"lg_admin_last_login","lang_value":"Last Login","language":"en","type":"admin"},{"id":"1255","lang_key":"lg_admin_users_details","lang_value":"Users Details","language":"en","type":"admin"},{"id":"1256","lang_key":"lg_admin_account_status","lang_value":"Account Status","language":"en","type":"admin"},{"id":"1257","lang_key":"lg_admin_active","lang_value":"Active","language":"en","type":"admin"},{"id":"1258","lang_key":"lg_admin_inactive","lang_value":"Inactive","language":"en","type":"admin"},{"id":"1259","lang_key":"lg_admin_mobile","lang_value":"Mobile","language":"en","type":"admin"},{"id":"1260","lang_key":"lg_admiin_account_details","lang_value":"Account Details","language":"en","type":"admin"},{"id":"1261","lang_key":"lg_admin_account_holder_name","lang_value":"Account holder name","language":"en","type":"admin"},{"id":"1262","lang_key":"lg_admin_account_number","lang_value":"Account Number","language":"en","type":"admin"},{"id":"1263","lang_key":"lg_admin_iban_number","lang_value":"IBAN Number","language":"en","type":"admin"},{"id":"1264","lang_key":"lg_admin_bank_name","lang_value":"Bank Name","language":"en","type":"admin"},{"id":"1265","lang_key":"lg_admin_bank_address","lang_value":"Bank Address","language":"en","type":"admin"},{"id":"1266","lang_key":"lg_admin_sort_code","lang_value":"Sort Code","language":"en","type":"admin"},{"id":"1267","lang_key":"lg_admin_swift_code","lang_value":"Swift Code","language":"en","type":"admin"},{"id":"1268","lang_key":"lg_admin_ifsc_code","lang_value":"IFSC Code","language":"en","type":"admin"},{"id":"1269","lang_key":"lg_admin_mobile_number","lang_value":"Mobile Number","language":"en","type":"admin"},{"id":"1270","lang_key":"lg_admin_service_providers","lang_value":"Providers","language":"en","type":"admin"},{"id":"1271","lang_key":"lg_admin_provider_name","lang_value":"Provider Name","language":"en","type":"admin"},{"id":"1272","lang_key":"lg_admin_reg_date","lang_value":"Reg Date","language":"en","type":"admin"},{"id":"1273","lang_key":"lg_admin_subscription","lang_value":"Subscription","language":"en","type":"admin"},{"id":"1274","lang_key":"lg_admin_provider_details","lang_value":"Provider Details","language":"en","type":"admin"},{"id":"1275","lang_key":"lg_admin_personal_details","lang_value":"Personal Details","language":"en","type":"admin"},{"id":"1276","lang_key":"lg_admin_chat_list","lang_value":"Chat List","language":"en","type":"admin"},{"id":"1277","lang_key":"lg_admin_messages","lang_value":"Messages","language":"en","type":"admin"},{"id":"1278","lang_key":"lg_admin_notifications","lang_value":"Notifications","language":"en","type":"admin"},{"id":"1279","lang_key":"lg_admin_booking_list","lang_value":"Booking List","language":"en","type":"admin"},{"id":"1281","lang_key":"lg_admin_select_service","lang_value":"Select service","language":"en","type":"admin"},{"id":"1282","lang_key":"lg_admin_select_status","lang_value":"Select Status","language":"en","type":"admin"},{"id":"1283","lang_key":"lg_admin_select_user","lang_value":"Select User","language":"en","type":"admin"},{"id":"1284","lang_key":"lg_admin_select_provider","lang_value":"Select Provider","language":"en","type":"admin"},{"id":"1285","lang_key":"lg_admin_all_booking","lang_value":"All Booking","language":"en","type":"admin"},{"id":"1286","lang_key":"lg_admin_pending","lang_value":"Pending","language":"en","type":"admin"},{"id":"1287","lang_key":"lg_admin_inprogress","lang_value":"InProgress","language":"en","type":"admin"},{"id":"1288","lang_key":"lg_admin_completed","lang_value":"Completed","language":"en","type":"admin"},{"id":"1289","lang_key":"lg_admin_rejected","lang_value":"Rejected","language":"en","type":"admin"},{"id":"1290","lang_key":"lg_admin_canceled","lang_value":"Canceled","language":"en","type":"admin"},{"id":"1291","lang_key":"lg_admin_service","lang_value":"Service","language":"en","type":"admin"},{"id":"1292","lang_key":"lg_admin_updated","lang_value":"Updated","language":"en","type":"admin"},{"id":"1293","lang_key":"lg_admin_reason","lang_value":"Reason","language":"en","type":"admin"},{"id":"1294","lang_key":"lg_admin_payment_type","lang_value":"Payment Type","language":"en","type":"admin"},{"id":"1295","lang_key":"lg_admin_edit_cancel_booking","lang_value":"Edit Cancel Booking","language":"en","type":"admin"},{"id":"1296","lang_key":"lg_admin_service_name","lang_value":"Service Name :","language":"en","type":"admin"},{"id":"1297","lang_key":"lg_admin_user_name","lang_value":"User Name :","language":"en","type":"admin"},{"id":"1298","lang_key":"lg_admin_provider_name_","lang_value":"Provider Name :","language":"en","type":"admin"},{"id":"1299","lang_key":"lg_admin_date_:","lang_value":"Date :","language":"en","type":"admin"},{"id":"1300","lang_key":"lg_admin_total","lang_value":"Total :","language":"en","type":"admin"},{"id":"1301","lang_key":"lg_admin_amount_refund","lang_value":"Amount Refund To :","language":"en","type":"admin"},{"id":"1302","lang_key":"lg_admin_select_one","lang_value":"Select One","language":"en","type":"admin"},{"id":"1303","lang_key":"lg_admin_edit_reject_payment","lang_value":"Edit Reject Payment","language":"en","type":"admin"},{"id":"1304","lang_key":"lg_admin_edit_cancel_payment","lang_value":"Edit Cancel Payment","language":"en","type":"admin"},{"id":"1305","lang_key":"lg_admin_service_amount","lang_value":"Service Amount","language":"en","type":"admin"},{"id":"1306","lang_key":"lg_admin_rejection_comments.","lang_value":"Rejection Comments.","language":"en","type":"admin"},{"id":"1307","lang_key":"lg_admin_service_amount_favour","lang_value":"Service Amount Favour for","language":"en","type":"admin"},{"id":"1308","lang_key":"lg_admin_favour_comments","lang_value":"Favour comments","language":"en","type":"admin"},{"id":"1309","lang_key":"lg_admin_this_service_amount_favour","lang_value":"This service amount favour for Provider","language":"en","type":"admin"},{"id":"1310","lang_key":"lg_admin_subscriptions","lang_value":"Subscriptions","language":"en","type":"admin"},{"id":"1311","lang_key":"lg_admin_price","lang_value":"Price","language":"en","type":"admin"},{"id":"1312","lang_key":"lg_admin_duration:","lang_value":"Duration:","language":"en","type":"admin"},{"id":"1313","lang_key":"lg_admin_one_listing_submission","lang_value":"One listing submission","language":"en","type":"admin"},{"id":"1314","lang_key":"lg_admin_expiration","lang_value":"expiration","language":"en","type":"admin"},{"id":"1316","lang_key":"lg_admin_are_confirm_delete","lang_value":"Are you confirm to Delete.","language":"en","type":"admin"},{"id":"1317","lang_key":"lg_admin_add_subscription","lang_value":"Add Subscription","language":"en","type":"admin"},{"id":"1318","lang_key":"lg_admin_subscription_name","lang_value":"Subscription Name","language":"en","type":"admin"},{"id":"1319","lang_key":"lg_admin_subscription_amount","lang_value":"Subscription Amount","language":"en","type":"admin"},{"id":"1320","lang_key":"lg_admin_subscription_durations","lang_value":"Subscription Durations","language":"en","type":"admin"},{"id":"1321","lang_key":"lg_admin_select_duration","lang_value":"Select Duration","language":"en","type":"admin"},{"id":"1322","lang_key":"lg_admin_one_day","lang_value":"One Day","language":"en","type":"admin"},{"id":"1323","lang_key":"lg_admin_one_month","lang_value":"One Month","language":"en","type":"admin"},{"id":"1324","lang_key":"lg_admin_3_months","lang_value":"3 Months","language":"en","type":"admin"},{"id":"1325","lang_key":"lg_admin_6_months","lang_value":"6 Months","language":"en","type":"admin"},{"id":"1326","lang_key":"lg_admin_one_year","lang_value":"One Year","language":"en","type":"admin"},{"id":"1327","lang_key":"lg_admin_2_years","lang_value":"2 Years","language":"en","type":"admin"},{"id":"1328","lang_key":"lg_admin_edit_subscription","lang_value":"Edit Subscription","language":"en","type":"admin"},{"id":"1329","lang_key":"lg_admin_subscription_status","lang_value":"Subscription Status","language":"en","type":"admin"},{"id":"1330","lang_key":"lg_admin_rejected_user","lang_value":"Rejected by User","language":"en","type":"admin"},{"id":"1331","lang_key":"lg_admin_cancelled_provider","lang_value":"Cancelled by Provider","language":"en","type":"admin"},{"id":"1332","lang_key":"lg_admin_user","lang_value":"User","language":"en","type":"admin"},{"id":"1333","lang_key":"lg_admin_wallet_report","lang_value":"Wallet Report","language":"en","type":"admin"},{"id":"1334","lang_key":"lg_admin_wallet_history","lang_value":"Wallet History","language":"en","type":"admin"},{"id":"1335","lang_key":"lg_admin_wallet_request_history","lang_value":"Wallet Request History","language":"en","type":"admin"},{"id":"1336","lang_key":"lg_admin_wallet_amt","lang_value":"Wallet Amt","language":"en","type":"admin"},{"id":"1337","lang_key":"lg_admin_role","lang_value":"Role","language":"en","type":"admin"},{"id":"1338","lang_key":"lg_admin_bank_details","lang_value":"Bank Details","language":"en","type":"admin"},{"id":"1339","lang_key":"lg_admin_current_amt","lang_value":"Current Amt","language":"en","type":"admin"},{"id":"1340","lang_key":"lg_admin_credit_amt","lang_value":"Credit Amt","language":"en","type":"admin"},{"id":"1341","lang_key":"lg_admin_debit_amt","lang_value":"Debit Amt","language":"en","type":"admin"},{"id":"1342","lang_key":"lg_admin_fee_amt","lang_value":"Fee Amt","language":"en","type":"admin"},{"id":"1343","lang_key":"lg_admin_available_amt","lang_value":"Available Amt","language":"en","type":"admin"},{"id":"1344","lang_key":"lg_admin_reason","lang_value":"Reason","language":"en","type":"admin"},{"id":"1345","lang_key":"lg_admin_pay_type","lang_value":"Pay Type","language":"en","type":"admin"},{"id":"1346","lang_key":"lg_upload_payment_document","lang_value":"Upload Payment Document","language":"en","type":"admin"},{"id":"1347","lang_key":"lg_admin_revenue","lang_value":"Revenue","language":"en","type":"admin"},{"id":"1348","lang_key":"lg_admin_select_provider_name","lang_value":"Select provider name","language":"en","type":"admin"},{"id":"1349","lang_key":"lg_admin_commission_amount","lang_value":"Commission Amount","language":"en","type":"admin"},{"id":"1350","lang_key":"lg_admin_sub_categories","lang_value":"Sub Categories","language":"en","type":"admin"},{"id":"1351","lang_key":"lg_admin_add_sub_category","lang_value":"Add Sub Category","language":"en","type":"admin"},{"id":"1352","lang_key":"lg_admin_subcategory_name","lang_value":"Sub Category Name","language":"en","type":"admin"},{"id":"1353","lang_key":"lg_admin_subcategory_image","lang_value":"Sub Category Image","language":"en","type":"admin"},{"id":"1354","lang_key":"lg_admin_add_subcategory","lang_value":"Add Subcategory","language":"en","type":"admin"},{"id":"1355","lang_key":"lg_admin_edit_sub_category","lang_value":"Edit Sub Category","language":"en","type":"admin"},{"id":"1356","lang_key":"lg_admin_cash_on_delivery","lang_value":"Cash On Delivery","language":"en","type":"admin"},{"id":"1357","lang_key":"lg_admin_title","lang_value":"Title","language":"en","type":"admin"},{"id":"1358","lang_key":"lg_admin_username","lang_value":"Username","language":"en","type":"admin"},{"id":"1359","lang_key":"lg_admin_service_status","lang_value":"Service Status","language":"en","type":"admin"},{"id":"1360","lang_key":"lg_admin_contact_details","lang_value":"Contact Details","language":"en","type":"admin"},{"id":"1361","lang_key":"lg_admin_message","lang_value":"Message","language":"en","type":"admin"},{"id":"1362","lang_key":"lg_admin_reply","lang_value":"Reply","language":"en","type":"admin"},{"id":"1363","lang_key":"lg_admin_replies","lang_value":"Admin Replies","language":"en","type":"admin"},{"id":"1364","lang_key":"lg_admin_rating_type","lang_value":"Reviews Type","language":"en","type":"admin"},{"id":"1365","lang_key":"lg_admin_add_ratingtype","lang_value":"Add Reviews Type","language":"en","type":"admin"},{"id":"1366","lang_key":"lg_admin_edit_ratingtype","lang_value":"Edit Rating Type","language":"en","type":"admin"},{"id":"1367","lang_key":"lg_admin_email_template","lang_value":"Email template","language":"en","type":"admin"},{"id":"1368","lang_key":"lg_admin_reference_id","lang_value":"Reference ID","language":"en","type":"admin"},{"id":"1369","lang_key":"lg_admin_email_title","lang_value":"Email Title","language":"en","type":"admin"},{"id":"1370","lang_key":"lg_admin_edit_email_template","lang_value":"Edit Email Template","language":"en","type":"admin"},{"id":"1371","lang_key":"lg_admin_template_content","lang_value":"Template Content","language":"en","type":"admin"},{"id":"1372","lang_key":"lg_admin_create_email_template","lang_value":"Create Email Template","language":"en","type":"admin"},{"id":"1373","lang_key":"lg_admin_push_notification_list","lang_value":"Push Notification List","language":"en","type":"admin"},{"id":"1374","lang_key":"lg_admin_subject","lang_value":"Subject","language":"en","type":"admin"},{"id":"1375","lang_key":"lg_admin_send_to","lang_value":"Send To","language":"en","type":"admin"},{"id":"1376","lang_key":"lg_admin_general_settings","lang_value":"General Settings","language":"en","type":"admin"},{"id":"1377","lang_key":"lg_admin_website_basic_details","lang_value":"Website Basic Details","language":"en","type":"admin"},{"id":"1378","lang_key":"lg_admin_website_name","lang_value":"Website Name","language":"en","type":"admin"},{"id":"1379","lang_key":"lg_admin_language","lang_value":"Language","language":"en","type":"admin"},{"id":"1380","lang_key":"lg_admin_select_language","lang_value":"Select Language","language":"en","type":"admin"},{"id":"1381","lang_key":"lg_admin_service_location_radius","lang_value":"Service Location Radius","language":"en","type":"admin"},{"id":"1382","lang_key":"lg_admin_km","lang_value":"km","language":"en","type":"admin"},{"id":"1383","lang_key":"lg_admin_commission_percentage","lang_value":"Commission Percentage","language":"en","type":"admin"},{"id":"1384","lang_key":"lg_admin_update","lang_value":"Update","language":"en","type":"admin"},{"id":"1385","lang_key":"lg_admin_placeholder_image_settings","lang_value":"Placeholder Image Settings","language":"en","type":"admin"},{"id":"1386","lang_key":"lg_admin_service_placeholder","lang_value":"Service Placeholder","language":"en","type":"admin"},{"id":"1387","lang_key":"lg_admin_profile_placeholder","lang_value":"Profile Placeholder","language":"en","type":"admin"},{"id":"1388","lang_key":"lg_admin_image_settings","lang_value":"Image Settings","language":"en","type":"admin"},{"id":"1389","lang_key":"lg_admin_logo","lang_value":"Logo","language":"en","type":"admin"},{"id":"1390","lang_key":"lg_admin_favicon","lang_value":"Favicon","language":"en","type":"admin"},{"id":"1391","lang_key":"lg_admin_icon","lang_value":"Icon","language":"en","type":"admin"},{"id":"1392","lang_key":"lg_admin_system_settings","lang_value":"System Settings","language":"en","type":"admin"},{"id":"1393","lang_key":"lg_admin_google_mapapi","lang_value":"Google Map API Key","language":"en","type":"admin"},{"id":"1394","lang_key":"lg_admin_how_googlemapapikey","lang_value":"How to create google map API key?","language":"en","type":"admin"},{"id":"1395","lang_key":"lg_admin_push_notification","lang_value":"Push Notification","language":"en","type":"admin"},{"id":"1396","lang_key":"lg_admin_firebase_serverkey","lang_value":"Firebase Server Key","language":"en","type":"admin"},{"id":"1397","lang_key":"lg_admin_how_firebasesetup","lang_value":"How to create firebase setup?","language":"en","type":"admin"},{"id":"1398","lang_key":"lg_admin_localization_settings","lang_value":"Localization Settings","language":"en","type":"admin"},{"id":"1399","lang_key":"lg_admin_localization_details","lang_value":"Localization Details","language":"en","type":"admin"},{"id":"1400","lang_key":"lg_admin_time_zone","lang_value":"Time Zone","language":"en","type":"admin"},{"id":"1401","lang_key":"lg_admin_dateformat","lang_value":"Date Format","language":"en","type":"admin"},{"id":"1402","lang_key":"lg_admin_timeformat","lang_value":"Time Format","language":"en","type":"admin"},{"id":"1403","lang_key":"lg_admin_12hours","lang_value":"12 Hours","language":"en","type":"admin"},{"id":"1404","lang_key":"lg_admin_24hours","lang_value":"24 Hours","language":"en","type":"admin"},{"id":"1405","lang_key":"lg_admin_default_country","lang_value":"Default Country","language":"en","type":"admin"},{"id":"1406","lang_key":"lg_admin_currency_code","lang_value":"Currency Code","language":"en","type":"admin"},{"id":"1407","lang_key":"lg_admin_currency_symbol","lang_value":"Currency Symbol","language":"en","type":"admin"},{"id":"1408","lang_key":"lg_admin_login_settings","lang_value":"Login Settings","language":"en","type":"admin"},{"id":"1409","lang_key":"lg_admin_login_settings(one_time_setup)","lang_value":"Login Settings (one time setup)","language":"en","type":"admin"},{"id":"1410","lang_key":"lg_admin_login_type","lang_value":"Login Type","language":"en","type":"admin"},{"id":"1411","lang_key":"lg_admin_mobile_no","lang_value":"Mobile No","language":"en","type":"admin"},{"id":"1412","lang_key":"lg_admin_otp_by","lang_value":"OTP By","language":"en","type":"admin"},{"id":"1413","lang_key":"lg_admin_sms","lang_value":"SMS","language":"en","type":"admin"},{"id":"1414","lang_key":"lg_admin_mail","lang_value":"Mail","language":"en","type":"admin"},{"id":"1415","lang_key":"lg_admin_google_logincredential","lang_value":"Google Login Credential","language":"en","type":"admin"},{"id":"1416","lang_key":"lg_admin_clientid","lang_value":"Client ID","language":"en","type":"admin"},{"id":"1417","lang_key":"lg_admin_client_secret","lang_value":"Client Secret","language":"en","type":"admin"},{"id":"1418","lang_key":"lg_admin_email_settings","lang_value":"Email Settings","language":"en","type":"admin"},{"id":"1419","lang_key":"lg_admin_phpmail","lang_value":"PHP Mail","language":"en","type":"admin"},{"id":"1420","lang_key":"lg_admin_smtp","lang_value":"SMTP","language":"en","type":"admin"},{"id":"1421","lang_key":"lg_admin_email_fromaddress","lang_value":"Email From Address","language":"en","type":"admin"},{"id":"1422","lang_key":"lg_admin_email_password","lang_value":"Email Password","language":"en","type":"admin"},{"id":"1423","lang_key":"lg_admin_emails_fromname","lang_value":"Emails From Name","language":"en","type":"admin"},{"id":"1424","lang_key":"lg_admin_emailhost","lang_value":"Email Host","language":"en","type":"admin"},{"id":"1425","lang_key":"lg_admin_email_port","lang_value":"Email Port","language":"en","type":"admin"},{"id":"1426","lang_key":"lg_admin_paymentsettings","lang_value":"Payment Settings","language":"en","type":"admin"},{"id":"1427","lang_key":"lg_admin_stripe","lang_value":"Stripe","language":"en","type":"admin"},{"id":"1428","lang_key":"lg_admin_razorpay","lang_value":"Razorpay","language":"en","type":"admin"},{"id":"1429","lang_key":"lg_admin_paypal","lang_value":"PayPal","language":"en","type":"admin"},{"id":"1430","lang_key":"lg_admin_paystack","lang_value":"Paystack","language":"en","type":"admin"},{"id":"1431","lang_key":"lg_admin_paysolution","lang_value":"Paysolution","language":"en","type":"admin"},{"id":"1432","lang_key":"lg_admin_cod","lang_value":"COD","language":"en","type":"admin"},{"id":"1433","lang_key":"lg_admin_stripe_option","lang_value":"Stripe Option","language":"en","type":"admin"},{"id":"1434","lang_key":"lg_admin_sandbox","lang_value":"Sandbox","language":"en","type":"admin"},{"id":"1435","lang_key":"lg_admin_live","lang_value":"Live","language":"en","type":"admin"},{"id":"1436","lang_key":"lg_admin_gatewayname","lang_value":"Gateway Name","language":"en","type":"admin"},{"id":"1437","lang_key":"lg_admin_apikey","lang_value":"API Key","language":"en","type":"admin"},{"id":"1438","lang_key":"lg_admin_restkey","lang_value":"Rest Key","language":"en","type":"admin"},{"id":"1439","lang_key":"lg_admin_razorpayoption","lang_value":"Razorpay Option","language":"en","type":"admin"},{"id":"1440","lang_key":"lg_admin_paypalgateway","lang_value":"Paypal Gateway","language":"en","type":"admin"},{"id":"1441","lang_key":"lg_admin_braintree_tokenization","lang_value":"Braintree Tokenization key","language":"en","type":"admin"},{"id":"1442","lang_key":"lg_admin_braintree_merchant","lang_value":"Braintree Merchant ID","language":"en","type":"admin"},{"id":"1443","lang_key":"lg_admin_braintree_publickey","lang_value":"Braintree Public key","language":"en","type":"admin"},{"id":"1444","lang_key":"lg_admin_braintree_privatekey","lang_value":"Braintree Private key","language":"en","type":"admin"},{"id":"1445","lang_key":"lg_admin_paypal_appid","lang_value":"Paypal APP ID","language":"en","type":"admin"},{"id":"1446","lang_key":"lg_admin_paypal_secretkey","lang_value":"Paypal Secret Key","language":"en","type":"admin"},{"id":"1447","lang_key":"lg_admin_paystack_gateway","lang_value":"Paystack Gateway","language":"en","type":"admin"},{"id":"1448","lang_key":"lg_admin_secretkey","lang_value":"Secret key","language":"en","type":"admin"},{"id":"1449","lang_key":"lg_admin_merchant_id","lang_value":"Merchant ID","language":"en","type":"admin"},{"id":"1450","lang_key":"lg_admin_cashondelivery","lang_value":"Cash On Delivery","language":"en","type":"admin"},{"id":"1451","lang_key":"lg_admin_seo_settings","lang_value":"SEO Settings","language":"en","type":"admin"},{"id":"1452","lang_key":"lg_admin_meta_title","lang_value":"Meta Title","language":"en","type":"admin"},{"id":"1453","lang_key":"lg_admin_meta_keywords","lang_value":"Meta Keywords","language":"en","type":"admin"},{"id":"1454","lang_key":"lg_admin_meta_description","lang_value":"Meta Description","language":"en","type":"admin"},{"id":"1455","lang_key":"lg_admin_smssettings","lang_value":"SMS Settings","language":"en","type":"admin"},{"id":"1456","lang_key":"lg_admin_default_otp","lang_value":"Default OTP","language":"en","type":"admin"},{"id":"1457","lang_key":"lg_admin_youusedefaultotp","lang_value":"You can use default otp ","language":"en","type":"admin"},{"id":"1458","lang_key":"lg_admin_1234","lang_value":"1234","language":"en","type":"admin"},{"id":"1459","lang_key":"lg_admin_fordemopurpose","lang_value":"for demo purpose","language":"en","type":"admin"},{"id":"1460","lang_key":"lg_admin_nexmo","lang_value":"Nexmo","language":"en","type":"admin"},{"id":"1461","lang_key":"lg_admin_2factor","lang_value":"2Factor","language":"en","type":"admin"},{"id":"1462","lang_key":"lg_admin_twilio","lang_value":"Twilio","language":"en","type":"admin"},{"id":"1463","lang_key":"lg_admin_apisecretkey","lang_value":"API Secret Key","language":"en","type":"admin"},{"id":"1464","lang_key":"lg_admin_senderid","lang_value":"Sender ID","language":"en","type":"admin"},{"id":"1465","lang_key":"lg_admin_apikeysandbox","lang_value":"API Key Sandbox","language":"en","type":"admin"},{"id":"1466","lang_key":"lg_admin_apikeylive","lang_value":"API Key Live","language":"en","type":"admin"},{"id":"1467","lang_key":"lg_admin_sid","lang_value":"Sid","language":"en","type":"admin"},{"id":"1468","lang_key":"lg_admin_token","lang_value":"Token","language":"en","type":"admin"},{"id":"1469","lang_key":"lg_admin_themecolorchange","lang_value":"Theme Color Change","language":"en","type":"admin"},{"id":"1470","lang_key":"lg_admin_colorchange","lang_value":"Color Change","language":"en","type":"admin"},{"id":"1472","lang_key":"lg_admin_rtl","lang_value":"RTL","language":"en","type":"admin"},{"id":"1473","lang_key":"lg_admin_add_languages","lang_value":"Add Languages","language":"en","type":"admin"},{"id":"1474","lang_key":"lg_admin_language_name","lang_value":"Language Name","language":"en","type":"admin"},{"id":"1475","lang_key":"lg_admin_language_value","lang_value":"Language Value","language":"en","type":"admin"},{"id":"1476","lang_key":"lg_admin_rtlltr","lang_value":"RTL or LTR (optional)","language":"en","type":"admin"},{"id":"1477","lang_key":"lg_admin_select_tag","lang_value":"Select Tag","language":"en","type":"admin"},{"id":"1478","lang_key":"lg_admin_ltr","lang_value":"LTR","language":"en","type":"admin"},{"id":"1479","lang_key":"lg_admin_add_language","lang_value":"Add Language","language":"en","type":"admin"},{"id":"1480","lang_key":"lg_admin_edit_language","lang_value":"Edit Language","language":"en","type":"admin"},{"id":"1481","lang_key":"lg_admin_code","lang_value":"Code","language":"en","type":"admin"},{"id":"1482","lang_key":"lg_admin_translation","lang_value":"Translation -","language":"en","type":"admin"},{"id":"1483","lang_key":"lg_admin_key","lang_value":"Key","language":"en","type":"admin"},{"id":"1484","lang_key":"lg_admin_value","lang_value":"Value","language":"en","type":"admin"},{"id":"1485","lang_key":"lg_admin_add_web_keywords","lang_value":"Add Web Keywords","language":"en","type":"admin"},{"id":"1486","lang_key":"lg_admin_filed_name","lang_value":"Filed Name","language":"en","type":"admin"},{"id":"1487","lang_key":"lg_admin_key_name","lang_value":"Key Name","language":"en","type":"admin"},{"id":"1488","lang_key":"lg_admin_app_keywords","lang_value":"App Keywords","language":"en","type":"admin"},{"id":"1489","lang_key":"lg_admin_page_title","lang_value":"Page Title","language":"en","type":"admin"},{"id":"1490","lang_key":"lg_admin_add_page","lang_value":"Add Page","language":"en","type":"admin"},{"id":"1491","lang_key":"lg_admin_page_name","lang_value":"Page Name","language":"en","type":"admin"},{"id":"1492","lang_key":"lg_admin_add_admin_keywords","lang_value":"Add Admin Keywords","language":"en","type":"admin"},{"id":"1493","lang_key":"lg_admin_country_code","lang_value":"Country Code","language":"en","type":"admin"},{"id":"1494","lang_key":"lg_admin_country_id","lang_value":"Country ID","language":"en","type":"admin"},{"id":"1495","lang_key":"lg_admin_country_name","lang_value":"Country Name","language":"en","type":"admin"},{"id":"1496","lang_key":"lg_admin_create_new_countrycode","lang_value":"Create New Country code","language":"en","type":"admin"},{"id":"1497","lang_key":"lg_admin_country_codeedit","lang_value":"Country code Edit","language":"en","type":"admin"},{"id":"1498","lang_key":"lg_admin_other_settings","lang_value":"Other Settings","language":"en","type":"admin"},{"id":"1499","lang_key":"lg_admin_enable_google_analytics","lang_value":"Enable Google Analytics","language":"en","type":"admin"},{"id":"1500","lang_key":"lg_admin_google_analytics","lang_value":"Google Analytics","language":"en","type":"admin"},{"id":"1501","lang_key":"lg_admin_cookies_agreement","lang_value":"Cookies Agreement","language":"en","type":"admin"},{"id":"1502","lang_key":"lg_admin_google_adsensecode","lang_value":"Google Adsense Code","language":"en","type":"admin"},{"id":"1503","lang_key":"lg_admin_save","lang_value":"Save","language":"en","type":"admin"},{"id":"1504","lang_key":"lg_admin_chat_settings","lang_value":"Chat Settings","language":"en","type":"admin"},{"id":"1505","lang_key":"lg_admin_socket_details","lang_value":"Socket Details","language":"en","type":"admin"},{"id":"1506","lang_key":"lg_admin_server_ip","lang_value":"Server IP","language":"en","type":"admin"},{"id":"1507","lang_key":"lg_admin_chat_content","lang_value":"Chat Content","language":"en","type":"admin"},{"id":"1508","lang_key":"lg_admin_chat_content_text","lang_value":"Chat Content Text","language":"en","type":"admin"},{"id":"1509","lang_key":"lg_admin_frontend_settings","lang_value":"Frontend Settings","language":"en","type":"admin"},{"id":"1510","lang_key":"lg_admin_header_setting","lang_value":"Header Setting","language":"en","type":"admin"},{"id":"1511","lang_key":"lg_admin_currency","lang_value":"Currency","language":"en","type":"admin"},{"id":"1512","lang_key":"lg_admin_stikcy_header","lang_value":"Stikcy header","language":"en","type":"admin"},{"id":"1513","lang_key":"lg_admin_headermenu","lang_value":"Header Menu","language":"en","type":"admin"},{"id":"1514","lang_key":"lg_admin_navmenus","lang_value":"Nav Menus","language":"en","type":"admin"},{"id":"1515","lang_key":"lg_admin_reset","lang_value":"Reset","language":"en","type":"admin"},{"id":"1516","lang_key":"lg_admin_add_new","lang_value":"Add New","language":"en","type":"admin"},{"id":"1517","lang_key":"lg_admin_footer_settings","lang_value":"Footer Settings","language":"en","type":"admin"},{"id":"1518","lang_key":"lg_admin_categorieswidget","lang_value":"Categories Widget","language":"en","type":"admin"},{"id":"1519","lang_key":"lg_admin_category_view","lang_value":"Category-view","language":"en","type":"admin"},{"id":"1520","lang_key":"lg_admin_orderby","lang_value":"Orderby(ASC)","language":"en","type":"admin"},{"id":"1521","lang_key":"lg_admin_popularcategory","lang_value":"Popular category","language":"en","type":"admin"},{"id":"1522","lang_key":"lg_admin_recentcategory","lang_value":"Recent category(Last 7 days)","language":"en","type":"admin"},{"id":"1523","lang_key":"lg_admin_category_count","lang_value":"Category Count","language":"en","type":"admin"},{"id":"1524","lang_key":"lg_admin_contactwidget","lang_value":"Contact Widget","language":"en","type":"admin"},{"id":"1525","lang_key":"lg_admin_address","lang_value":"Address","language":"en","type":"admin"},{"id":"1526","lang_key":"lg_admin_phone","lang_value":"Phone","language":"en","type":"admin"},{"id":"1527","lang_key":"lg_admin_copyright","lang_value":"Copyright","language":"en","type":"admin"},{"id":"1528","lang_key":"lg_admin_page_content","lang_value":"Page Content","language":"en","type":"admin"},{"id":"1529","lang_key":"lg_admin_links","lang_value":"Links","language":"en","type":"admin"},{"id":"1530","lang_key":"lg_admin_footer_bottomlinks","lang_value":"Footer bottom links","language":"en","type":"admin"},{"id":"1531","lang_key":"lg_admin_linkswidget","lang_value":"Links Widget","language":"en","type":"admin"},{"id":"1532","lang_key":"lg_admin_socialwidget","lang_value":"Social Widget","language":"en","type":"admin"},{"id":"1533","lang_key":"lg_admin_pages","lang_value":"Pages","language":"en","type":"admin"},{"id":"1534","lang_key":"lg_admin_slug","lang_value":"Slug","language":"en","type":"admin"},{"id":"1535","lang_key":"lg_admin_aboutus","lang_value":"About Us","language":"en","type":"admin"},{"id":"1536","lang_key":"lg_admin_pageslug","lang_value":"Page Slug","language":"en","type":"admin"},{"id":"1537","lang_key":"lg_admin_cookie_policy","lang_value":"Cookie Policy","language":"en","type":"admin"},{"id":"1538","lang_key":"lg_admin_faq","lang_value":"FAQ","language":"en","type":"admin"},{"id":"1539","lang_key":"lg_admin_help","lang_value":"Help","language":"en","type":"admin"},{"id":"1540","lang_key":"lg_admin_privacy_policy","lang_value":"Privacy Policy","language":"en","type":"admin"},{"id":"1541","lang_key":"lg_admin_termsofservices","lang_value":"Terms Of Services","language":"en","type":"admin"},{"id":"1542","lang_key":"lg_admin_home_page","lang_value":"Home Page","language":"en","type":"admin"},{"id":"1543","lang_key":"lg_admin_banner_settings","lang_value":"Banner Settings","language":"en","type":"admin"},{"id":"1544","lang_key":"lg_admin_content","lang_value":"Content","language":"en","type":"admin"},{"id":"1545","lang_key":"lg_admin_bannerimage","lang_value":"Banner image","language":"en","type":"admin"},{"id":"1546","lang_key":"lg_admin_main_search","lang_value":"Main Search","language":"en","type":"admin"},{"id":"1547","lang_key":"lg_admin_popular_searches","lang_value":"Popular Searches","language":"en","type":"admin"},{"id":"1548","lang_key":"lg_admin_popular_searches_labelname","lang_value":"Popular Searches Label Name","language":"en","type":"admin"},{"id":"1549","lang_key":"lg_admin_featured_categories","lang_value":"Featured Categories","language":"en","type":"admin"},{"id":"1550","lang_key":"lg_admin_newest_services","lang_value":"Newest Services","language":"en","type":"admin"},{"id":"1551","lang_key":"lg_admin_number_service","lang_value":"Number of service","language":"en","type":"admin"},{"id":"1552","lang_key":"lg_admin_popular_services","lang_value":"Popular Services","language":"en","type":"admin"},{"id":"1553","lang_key":"lg_admin_featured_services","lang_value":"Featured Services","language":"en","type":"admin"},{"id":"1554","lang_key":"lg_admin_how_works","lang_value":"How It Works","language":"en","type":"admin"},{"id":"1555","lang_key":"lg_admin_step1","lang_value":"Step 1","language":"en","type":"admin"},{"id":"1556","lang_key":"lg_admin_image","lang_value":"Image","language":"en","type":"admin"},{"id":"1557","lang_key":"lg_admin_step2","lang_value":"Step 2","language":"en","type":"admin"},{"id":"1558","lang_key":"lg_admin_step3","lang_value":"Step 3","language":"en","type":"admin"},{"id":"1559","lang_key":"lg_admin_download_section","lang_value":"Download Section","language":"en","type":"admin"},{"id":"1560","lang_key":"lg_admin_app_store","lang_value":"App Store (iOs)","language":"en","type":"admin"},{"id":"1561","lang_key":"lg_admin_app_link","lang_value":"App Link","language":"en","type":"admin"},{"id":"1562","lang_key":"lg_admin_google_play_store","lang_value":"Google Play Store","language":"en","type":"admin"},{"id":"1563","lang_key":"lg_admin_dashboard","lang_value":"Dashboard","language":"en","type":"admin"},{"id":"1564","lang_key":"lg_admin_user_settings","lang_value":"Manage Users","language":"en","type":"admin"},{"id":"1565","lang_key":"lg_admin_chat","lang_value":"Chat","language":"en","type":"admin"},{"id":"1566","lang_key":"lg_admin_accounting","lang_value":"Accounting","language":"en","type":"admin"},{"id":"1567","lang_key":"lg_admin_wallet","lang_value":"Wallet","language":"en","type":"admin"},{"id":"1568","lang_key":"lg_admin_contact_messages","lang_value":"Contact Messages","language":"en","type":"admin"},{"id":"1569","lang_key":"lg_admin_ratings","lang_value":"Reviews","language":"en","type":"admin"},{"id":"1570","lang_key":"lg_admin_email_templates","lang_value":"Email Templates","language":"en","type":"admin"},{"id":"1571","lang_key":"lg_admin_push_notifications","lang_value":"Push Notifications","language":"en","type":"admin"},{"id":"1572","lang_key":"lg_admin_settings","lang_value":"Settings","language":"en","type":"admin"},{"id":"1573","lang_key":"lg_admin_localization","lang_value":"Localization","language":"en","type":"admin"},{"id":"1574","lang_key":"lg_admin_theme_settings","lang_value":"Theme Settings","language":"en","type":"admin"},{"id":"1575","lang_key":"lg_admin_header_settings","lang_value":"Header Settings","language":"en","type":"admin"},{"id":"1576","lang_key":"lg_admin_view_all_notifications","lang_value":"View all Notifications","language":"en","type":"admin"},{"id":"1577","lang_key":"lg_admin_profile","lang_value":"Profile","language":"en","type":"admin"},{"id":"1578","lang_key":"lg_admin_logout","lang_value":"Logout","language":"en","type":"admin"},{"id":"1579","lang_key":"lg_admin_access_ourdashboard","lang_value":"Access to our dashboard","language":"en","type":"admin"},{"id":"1580","lang_key":"lg_admin_forgot_password","lang_value":"Forgot Password?","language":"en","type":"admin"},{"id":"1581","lang_key":"lg_admin_login","lang_value":"Login","language":"en","type":"admin"},{"id":"1582","lang_key":"lg_admin_forgot_password","lang_value":"Forgot Password","language":"en","type":"admin"},{"id":"1583","lang_key":"lg_admin_reset_password","lang_value":"Reset Password","language":"en","type":"admin"},{"id":"1584","lang_key":"lg_admin_new_password","lang_value":"New Password","language":"en","type":"admin"},{"id":"1585","lang_key":"lg_admin_confirm_password","lang_value":"Confirm Password","language":"en","type":"admin"},{"id":"1586","lang_key":"lg_admin_reset_link_mismatch","lang_value":"Reset Link mismatch , Check your mail.","language":"en","type":"admin"},{"id":"1994","lang_key":"lg_admin_clear_all","lang_value":"Clear All","language":"en","type":"admin"},{"id":"1997","lang_key":"lg_admin_notification_list","lang_value":"Notification List","language":"en","type":"admin"},{"id":"1998","lang_key":"lg_admin_notification_empty","lang_value":"Notification Empty","language":"en","type":"admin"},{"id":"2000","lang_key":"lg_admin_type_your_message","lang_value":"Type your message...","language":"en","type":"admin"},{"id":"2003","lang_key":"lg_admin_search","lang_value":"Search","language":"en","type":"admin"},{"id":"2004","lang_key":"lg_admin_view","lang_value":"View","language":"en","type":"admin"},{"id":"2007","lang_key":"lg_admin_type","lang_value":"Type","language":"en","type":"admin"},{"id":"2008","lang_key":"lg_admin_select_type","lang_value":"Select Type","language":"en","type":"admin"},{"id":"2011","lang_key":"lg_admin_comments","lang_value":"Comments","language":"en","type":"admin"},{"id":"2012","lang_key":"lg_cancelation_reason","lang_value":"Cancel Reason","language":"en","type":"web"},{"id":"2013","lang_key":"lg_admin_view","lang_value":"View","language":"en","type":"admin"},{"id":"2015","lang_key":"lg_admin_currency_settings","lang_value":"Currency Settings","language":"en","type":"admin"},{"id":"2016","lang_key":"lg_admin_currency_edit","lang_value":"Currency Edit","language":"en","type":"admin"},{"id":"2018","lang_key":"lg_admin_currency_name","lang_value":"Currency Name","language":"en","type":"admin"},{"id":"2020","lang_key":"lg_admin_currency_symbol","lang_value":"Currency Symbol","language":"en","type":"admin"},{"id":"2022","lang_key":"lg_admin_currency_code","lang_value":"Currency Code","language":"en","type":"admin"},{"id":"2025","lang_key":"lg_admin_currency_rate","lang_value":"Currency Rate","language":"en","type":"admin"},{"id":"2026","lang_key":"lg_admin_currency_create","lang_value":"Currency Create","language":"en","type":"admin"},{"id":"2028","lang_key":"lg_admin_web_language_upload","lang_value":"Web Language File Upload","language":"en","type":"admin"},{"id":"2030","lang_key":"lg_amdin_app_language_upload","lang_value":"App Language File Upload","language":"en","type":"admin"},{"id":"2032","lang_key":"lg_admin_delete_confiramtion","lang_value":"Delete Confirmation","language":"en","type":"admin"},{"id":"2033","lang_key":"lg_admin_are_currency","lang_value":"Are you confirm to delete this currency.","language":"en","type":"admin"},{"id":"2036","lang_key":"lg_no_blogs","lang_value":"Blogs Not Found","language":"en","type":"web"},{"id":"2038","lang_key":"lg_delete_account","lang_value":"Delete Account","language":"en","type":"web"},{"id":"2040","lang_key":"lg_admin_deleted_services","lang_value":"Deleted Services","language":"en","type":"admin"},{"id":"2042","lang_key":"lg_admin_all_services","lang_value":"All Services","language":"en","type":"admin"},{"id":"2044","lang_key":"lg_admin_pages_list","lang_value":"Pages List","language":"en","type":"admin"},{"id":"2047","lang_key":"lg_admin_location","lang_value":"Location","language":"en","type":"admin"},{"id":"2048","lang_key":"lg_admin_visibility","lang_value":"Visibility","language":"en","type":"admin"},{"id":"2050","lang_key":"lg_admin_add_pages","lang_value":"Add Pages","language":"en","type":"admin"},{"id":"2053","lang_key":"lg_admin_auto_slug","lang_value":"(If you leave it empty, it will be generated automatically.)","language":"en","type":"admin"},{"id":"2054","lang_key":"lg_admin_description","lang_value":"Description","language":"en","type":"admin"},{"id":"2057","lang_key":"lg_admin_meta_tag","lang_value":"(Meta Tag)","language":"en","type":"admin"},{"id":"2058","lang_key":"lg_admin_keywords","lang_value":"Keywords","language":"en","type":"admin"},{"id":"2061","lang_key":"lg_admin_top_menu","lang_value":"Top Menu","language":"en","type":"admin"},{"id":"2062","lang_key":"lg_admin_quick_links","lang_value":"Quick Links","language":"en","type":"admin"},{"id":"2065","lang_key":"lg_admin_show","lang_value":"Show","language":"en","type":"admin"},{"id":"2066","lang_key":"lg_admin_hide","lang_value":"Hide","language":"en","type":"admin"},{"id":"2068","lang_key":"lg_admin_edit_pages","lang_value":"Edit Pages","language":"en","type":"admin"},{"id":"2070","lang_key":"lg_admin_add_service","lang_value":"Admin Add Service","language":"en","type":"admin"},{"id":"2073","lang_key":"lg_admin_service_information","lang_value":"Service Information","language":"en","type":"admin"},{"id":"2074","lang_key":"lg_admin_service_location","lang_value":"Service Location","language":"en","type":"admin"},{"id":"2077","lang_key":"lg_admin_service_category","lang_value":"Service Category","language":"en","type":"admin"},{"id":"2078","lang_key":"lg_admin_service_offer","lang_value":"Service Offer","language":"en","type":"admin"},{"id":"2081","lang_key":"lg_admin_service_offered","lang_value":"Service Offered","language":"en","type":"admin"},{"id":"2082","lang_key":"lg_admin_add_more","lang_value":"Add More","language":"en","type":"admin"},{"id":"2085","lang_key":"lg_admin_details_information","lang_value":"Details Information","language":"en","type":"admin"},{"id":"2086","lang_key":"lg_admin_descriptions","lang_value":"Descriptions","language":"en","type":"admin"},{"id":"2089","lang_key":"lg_admin_service_gallery","lang_value":"Service Gallery","language":"en","type":"admin"},{"id":"2090","lang_key":"lg_admin_upload_service_image","lang_value":"Upload service image","language":"en","type":"admin"},{"id":"2093","lang_key":"lg_admin_edit_service","lang_value":"Admin Edit Service","language":"en","type":"admin"},{"id":"2094","lang_key":"lg_admin_cache_settings","lang_value":"Cache Settings","language":"en","type":"admin"},{"id":"2096","lang_key":"lg_admin_product_cache_system","lang_value":"Product Cache System","language":"en","type":"admin"},{"id":"2098","lang_key":"lg_admin_refresh_cache","lang_value":"Refresh Cache Files When Database Changes","language":"en","type":"admin"},{"id":"2100","lang_key":"lg_admin_cache_refresh_time","lang_value":"Cache Refresh Time (Minute)","language":"en","type":"admin"},{"id":"2102","lang_key":"lg_admin_after_this_time","lang_value":"After this time, your cache files will be refreshed.","language":"en","type":"admin"},{"id":"2104","lang_key":"lg_admin_static_content_cache","lang_value":"Static Content Cache System","language":"en","type":"admin"},{"id":"2106","lang_key":"lg_amdin_cstatus","lang_value":"Status","language":"en","type":"admin"},{"id":"2108","lang_key":"lg_admin_inactive_service","lang_value":"Inactive Service","language":"en","type":"admin"},{"id":"2111","lang_key":"lg_admin_inactive_services","lang_value":"Inactive Services","language":"en","type":"admin"},{"id":"2113","lang_key":"lg_admin_state","lang_value":"State","language":"en","type":"admin"},{"id":"2115","lang_key":"lg_admin_state_name","lang_value":"State Name","language":"en","type":"admin"},{"id":"2117","lang_key":"lg_admin_delete_state","lang_value":"Are you confirm to delete this state.","language":"en","type":"admin"},{"id":"2119","lang_key":"lg_admin_add_state","lang_value":"Add State","language":"en","type":"admin"},{"id":"2121","lang_key":"lg_admin_country","lang_value":"Country","language":"en","type":"admin"},{"id":"2123","lang_key":"lg_admin_service_location","lang_value":"Service Location","language":"en","type":"admin"},{"id":"2125","lang_key":"lg_admin_select_country","lang_value":"Select Country","language":"en","type":"admin"},{"id":"2127","lang_key":"lg_admin_city","lang_value":"City","language":"en","type":"admin"},{"id":"2128","lang_key":"lg_do_not_have_account","lang_value":"Do not have account?","language":"en","type":"web"},{"id":"2130","lang_key":"lg_admin_subscriber_details","lang_value":"Subscriber Details","language":"en","type":"admin"},{"id":"2132","lang_key":"lg_admin_start_date","lang_value":"Start Date","language":"en","type":"admin"},{"id":"2134","lang_key":"lg_admin_end_date","lang_value":"End Date","language":"en","type":"admin"}]}